,0,1,2,3,4
0,1,Carolan,Skentelbury,cskentelbury0@whitehouse.gov,Bentley
1,2,Cherie,La Croce,clacroce1@ebay.com,Mercedes-Benz
2,3,Zaneta,Whipp,zwhipp2@vk.com,Chevrolet
3,4,Lacie,Pendre,lpendre3@spotify.com,Mercedes-Benz
4,5,Chet,Handling,chandling4@fotki.com,Land Rover
5,6,Bing,Vogele,bvogele5@surveymonkey.com,Volkswagen
6,7,Karlan,Eard,keard6@mediafire.com,GMC
7,8,Clementina,Berrey,cberrey7@utexas.edu,Nissan
8,9,Anissa,Divall,adivall8@nasa.gov,Kia
9,10,Kenneth,Mathiot,kmathiot9@blogspot.com,Volkswagen
10,11,Zaneta,Geffinger,zgeffingera@nhs.uk,Ford
11,12,Reinwald,Vernham,rvernhamb@studiopress.com,Lincoln
12,13,Phylis,Foakes,pfoakesc@yandex.ru,Chevrolet
13,14,Sampson,Gullen,sgullend@omniture.com,Porsche
14,15,Tisha,Ertel,tertele@chronoengine.com,Ford
15,16,Dione,Ranklin,dranklinf@addtoany.com,Mitsubishi
16,17,Ranique,Byng,rbyngg@wikimedia.org,Plymouth
17,18,Beverie,Fosdike,bfosdikeh@kickstarter.com,Ford
18,19,Hersh,Yanne,hyannei@topsy.com,Mitsubishi
19,20,Domeniga,Dumbar,ddumbarj@jugem.jp,GMC
20,21,Chaddie,Yitzowitz,cyitzowitzk@spiegel.de,Volvo
21,22,Rodrique,Scargle,rscarglel@constantcontact.com,Mazda
22,23,Johnna,Bassick,jbassickm@printfriendly.com,Dodge
23,24,Marie,Swatton,mswattonn@tmall.com,Isuzu
24,25,Gayleen,Sweeten,gsweeteno@youku.com,Suzuki
25,26,Bernita,Wooland,bwoolandp@fotki.com,Honda
26,27,Lief,Eydel,leydelq@psu.edu,Mitsubishi
27,28,Connie,Blackhurst,cblackhurstr@dedecms.com,Buick
28,29,Romona,Steggles,rsteggless@gnu.org,BMW
29,30,Ive,De Santos,idesantost@nhs.uk,Honda
30,31,Laurie,Poone,lpooneu@ca.gov,Chevrolet
31,32,Annadiane,Locksley,alocksleyv@un.org,Subaru
32,33,Gayel,Grisenthwaite,ggrisenthwaitew@newsvine.com,Nissan
33,34,Humfried,Thorneley,hthorneleyx@indiatimes.com,Suzuki
34,35,Augustina,Moodie,amoodiey@independent.co.uk,Nissan
35,36,Juliet,Gamble,jgamblez@gov.uk,Mercury
36,37,Sonnie,Cottee,scottee10@cpanel.net,Nissan
37,38,Monica,Walbrun,mwalbrun11@yolasite.com,GMC
38,39,Kingsly,Isaacs,kisaacs12@smugmug.com,Dodge
39,40,Devan,Demsey,ddemsey13@washingtonpost.com,Lexus
40,41,Donetta,Klas,dklas14@xing.com,Ford
41,42,Marlie,Evelyn,mevelyn15@sohu.com,Oldsmobile
42,43,Nannette,Petchell,npetchell16@cyberchimps.com,Dodge
43,44,Jacynth,Cariss,jcariss17@google.com,Cadillac
44,45,Padraic,Pedracci,ppedracci18@istockphoto.com,Suzuki
45,46,Blaine,Concannon,bconcannon19@goodreads.com,Lexus
46,47,Jason,Jeavons,jjeavons1a@mapquest.com,Nissan
47,48,Glynis,Tourle,gtourle1b@comcast.net,BMW
48,49,Pammy,Alessandone,palessandone1c@walmart.com,Porsche
49,50,Cherilyn,Hodgon,chodgon1d@comsenz.com,Chevrolet
50,51,Philbert,Jobke,pjobke1e@columbia.edu,Chevrolet
51,52,Brett,Mateus,bmateus1f@fema.gov,Mercury
52,53,Maddi,Goodread,mgoodread1g@sakura.ne.jp,Volvo
53,54,Lothario,Village,lvillage1h@cdc.gov,Kia
54,55,Leeann,Dolby,ldolby1i@printfriendly.com,Chevrolet
55,56,Sosanna,Deveraux,sdeveraux1j@netvibes.com,Ford
56,57,Pearce,Iacofo,piacofo1k@dyndns.org,Hyundai
57,58,Blinny,Meadley,bmeadley1l@meetup.com,Acura
58,59,Lowell,Catonnet,lcatonnet1m@topsy.com,Hyundai
59,60,Windy,Sturman,wsturman1n@merriam-webster.com,Pontiac
60,61,Rowney,Baglow,rbaglow1o@ca.gov,Pontiac
61,62,Gilberto,Blaschek,gblaschek1p@linkedin.com,Saturn
62,63,Emmett,Phipard-Shears,ephipardshears1q@drupal.org,Cadillac
63,64,Edithe,Nacci,enacci1r@china.com.cn,Pontiac
64,65,Broddy,Zouch,bzouch1s@wp.com,Volvo
65,66,Lucius,Triggol,ltriggol1t@creativecommons.org,Pontiac
66,67,Pauly,Gaitley,pgaitley1u@walmart.com,Acura
67,68,Rowland,Glasson,rglasson1v@amazon.co.uk,Oldsmobile
68,69,Burnaby,Featherby,bfeatherby1w@weebly.com,Cadillac
69,70,Tallie,Bouldstridge,tbouldstridge1x@sun.com,MINI
70,71,Haydon,Petchey,hpetchey1y@opera.com,Lamborghini
71,72,Ofelia,McGillivray,omcgillivray1z@princeton.edu,Honda
72,73,Jorgan,Johannes,jjohannes20@mozilla.com,Mazda
73,74,Violette,Beeckx,vbeeckx21@blogs.com,Mitsubishi
74,75,Quinlan,Seydlitz,qseydlitz22@virginia.edu,Dodge
75,76,Maridel,Chestney,mchestney23@bbb.org,Acura
76,77,Isahella,Penkethman,ipenkethman24@netvibes.com,Land Rover
77,78,Britt,Davids,bdavids25@admin.ch,Chevrolet
78,79,Vincent,Bartlet,vbartlet26@altervista.org,Mitsubishi
79,80,Suki,Antliff,santliff27@usda.gov,Ford
80,81,Dyan,Reader,dreader28@fastcompany.com,Ford
81,82,Morse,Bentote,mbentote29@cafepress.com,Plymouth
82,83,Ursala,Faircloth,ufaircloth2a@google.com,Toyota
83,84,Archibaldo,Teggin,ateggin2b@technorati.com,Dodge
84,86,Hadria,Vakhonin,hvakhonin2d@merriam-webster.com,Chevrolet
85,87,Sharron,Awin,sawin2e@mapy.cz,Ford
86,88,Lanny,Wilfing,lwilfing2f@walmart.com,Volvo
87,89,Bernhard,Dominighi,bdominighi2g@yolasite.com,Dodge
88,90,Heinrik,Gehringer,hgehringer2h@utexas.edu,Pontiac
89,91,Thom,Tideswell,ttideswell2i@freewebs.com,Ford
90,92,Faye,Prettjohn,fprettjohn2j@issuu.com,GMC
91,93,Angelina,Karpenya,akarpenya2k@epa.gov,Ford
92,94,Annadiana,Hourican,ahourican2l@4shared.com,Porsche
93,95,Arte,Hampe,ahampe2m@storify.com,Volkswagen
94,96,Oralle,Lamplugh,olamplugh2n@4shared.com,Chevrolet
95,97,Sergent,Eames,seames2o@nydailynews.com,Kia
96,98,Marlena,Schleicher,mschleicher2p@goodreads.com,Jeep
97,99,Chevalier,MacGuigan,cmacguigan2q@photobucket.com,Audi
98,100,Chery,Champkin,cchampkin2r@msn.com,GMC
99,101,Hughie,Devil,hdevil2s@msu.edu,Mercedes-Benz
100,102,Melosa,Dresche,mdresche2t@army.mil,Hyundai
101,103,Emlyn,Buncher,ebuncher2u@patch.com,Hyundai
102,104,Teddy,Blincowe,tblincowe2v@livejournal.com,Mitsubishi
103,105,Herminia,Stanes,hstanes2w@wikipedia.org,Jeep
104,106,Fleurette,Greenless,fgreenless2x@comsenz.com,Saab
105,107,Dev,Orris,dorris2y@posterous.com,GMC
106,108,Corena,Pieter,cpieter2z@prlog.org,Fiat
107,109,Reinaldo,Hise,rhise30@reuters.com,Toyota
108,110,Lauritz,Solleme,lsolleme31@webeden.co.uk,Ford
109,111,Elysha,Vidyapin,evidyapin32@eepurl.com,Toyota
110,112,Suzette,Cheverton,scheverton33@thetimes.co.uk,Volkswagen
111,113,Wiley,Stailey,wstailey34@ning.com,Honda
112,114,Wat,Gouge,wgouge35@chicagotribune.com,Subaru
113,115,Cinnamon,Easey,ceasey36@addtoany.com,Ford
114,116,Myrwyn,McConaghy,mmcconaghy37@kickstarter.com,Volvo
115,117,Arny,Matokhnin,amatokhnin38@geocities.jp,Mercury
116,118,Lloyd,Woodrup,lwoodrup39@cbslocal.com,Mitsubishi
117,119,Saunders,McSperron,smcsperron3a@bandcamp.com,Jeep
118,120,Aliza,Kaser,akaser3b@netvibes.com,BMW
119,121,Gerta,Popescu,gpopescu3c@state.gov,Jaguar
120,122,Sax,Franzen,sfranzen3d@odnoklassniki.ru,Mercedes-Benz
121,123,Jenilee,Wigfall,jwigfall3e@livejournal.com,GMC
122,124,Vincenty,Minget,vminget3f@prnewswire.com,Volkswagen
123,125,Thoma,Emlen,temlen3g@berkeley.edu,Lexus
124,126,Cloris,Rennox,crennox3h@sogou.com,Mazda
125,127,Maddi,Burkwood,mburkwood3i@clickbank.net,Dodge
126,128,Fawnia,Hatliff,fhatliff3j@posterous.com,Nissan
127,129,Catlin,Scarsbrooke,cscarsbrooke3k@scribd.com,Volvo
128,130,Gail,Cromack,gcromack3l@harvard.edu,Porsche
129,131,Vi,Gonnely,vgonnely3m@unicef.org,Chevrolet
130,132,June,Heinl,jheinl3n@fda.gov,Mazda
131,133,Mose,Bockmann,mbockmann3o@rediff.com,Chevrolet
132,134,Kare,Mingame,kmingame3p@cbc.ca,Lexus
133,135,Allina,Tebbit,atebbit3q@hostgator.com,Hyundai
134,136,Fae,Blemen,fblemen3r@t.co,BMW
135,137,Ofelia,Cockell,ocockell3s@sakura.ne.jp,Lexus
136,138,Greer,Simoncelli,gsimoncelli3t@ted.com,Land Rover
137,139,Murial,Clayden,mclayden3u@google.nl,GMC
138,140,Bernetta,Bomb,bbomb3v@drupal.org,Nissan
139,141,Tobi,Deinhardt,tdeinhardt3w@sciencedirect.com,Mitsubishi
140,142,Papageno,Kinchley,pkinchley3x@imageshack.us,Ford
141,143,Orbadiah,Decourt,odecourt3y@feedburner.com,Chevrolet
142,144,Nada,Springall,nspringall3z@alibaba.com,Dodge
143,145,Weider,Murdoch,wmurdoch40@illinois.edu,Jaguar
144,146,Pinchas,Cuncliffe,pcuncliffe41@livejournal.com,Cadillac
145,147,Bay,Satchell,bsatchell42@ed.gov,Infiniti
146,148,Seana,Vipan,svipan43@mayoclinic.com,Volkswagen
147,149,Bendicty,Levene,blevene44@shinystat.com,Land Rover
148,150,Kiel,Giacopazzi,kgiacopazzi45@jugem.jp,Oldsmobile
149,151,Reed,Bydaway,rbydaway46@yale.edu,Dodge
150,152,Marwin,Reaveley,mreaveley47@samsung.com,Cadillac
151,153,Cal,Thomen,cthomen48@goo.ne.jp,Scion
152,154,Nico,Mazey,nmazey49@adobe.com,Ford
153,155,Darrick,Turban,dturban4a@noaa.gov,Toyota
154,156,Kissie,Izakson,kizakson4b@webeden.co.uk,Mitsubishi
155,157,Thorsten,Ennion,tennion4c@hatena.ne.jp,Chevrolet
156,158,Benoite,Blackbrough,bblackbrough4d@youtube.com,Chrysler
157,159,Cinderella,Keeffe,ckeeffe4e@360.cn,Cadillac
158,160,Wendy,Ravenscroftt,wravenscroftt4f@g.co,Honda
159,161,Holly,Bynold,hbynold4g@soundcloud.com,Maserati
160,162,Dag,Swetman,dswetman4h@ft.com,Daewoo
161,163,Renell,Bergen,rbergen4i@irs.gov,Honda
162,164,Chiquita,Zukerman,czukerman4j@clickbank.net,Toyota
163,165,Marsh,Hotchkin,mhotchkin4k@japanpost.jp,Ford
164,166,Reynold,Illem,rillem4l@360.cn,Mitsubishi
165,167,Morna,Maleby,mmaleby4m@live.com,Mercedes-Benz
166,168,Tamara,Champagne,tchampagne4n@columbia.edu,Mercury
167,169,Jammal,Faulkes,jfaulkes4o@walmart.com,Hyundai
168,170,Kasey,Blazeby,kblazeby4p@tuttocitta.it,Plymouth
169,171,Aloysius,Kennicott,akennicott4q@accuweather.com,Chevrolet
170,172,Alfi,Quadri,aquadri4r@sakura.ne.jp,Mercury
171,173,Twyla,Elsbury,telsbury4s@webeden.co.uk,Geo
172,174,Mari,Dobinson,mdobinson4t@facebook.com,Lexus
173,175,Stevy,Bartle,sbartle4u@sbwire.com,Mercury
174,176,Corine,Iffe,ciffe4v@senate.gov,GMC
175,177,Bear,Nutbean,bnutbean4w@phoca.cz,Chevrolet
176,178,Jarret,Dedden,jdedden4x@mail.ru,Mazda
177,179,Arlyn,Stollen,astollen4y@odnoklassniki.ru,Lincoln
178,180,Maribeth,Prescott,mprescott4z@geocities.jp,Chrysler
179,181,Gwendolen,Capaldo,gcapaldo50@youku.com,Lamborghini
180,182,Claire,Di Domenico,cdidomenico51@prweb.com,Mercedes-Benz
181,183,Adrien,Bewshea,abewshea52@yellowbook.com,Ford
182,184,Claretta,Rohlfing,crohlfing53@mozilla.com,Mercedes-Benz
183,185,Morgen,Bollands,mbollands54@squidoo.com,Honda
184,186,Ashley,Rame,arame55@yellowpages.com,Ford
185,187,Lancelot,Eaglestone,leaglestone56@princeton.edu,Lexus
186,188,Carver,Eick,ceick57@slideshare.net,BMW
187,189,Paxton,Cavalier,pcavalier58@oracle.com,Infiniti
188,190,Drake,Turnell,dturnell59@soup.io,Subaru
189,191,Pembroke,Rutt,prutt5a@state.tx.us,Cadillac
190,192,Joyan,Soreau,jsoreau5b@wisc.edu,Pontiac
191,193,Iormina,Twigger,itwigger5c@wikispaces.com,Jaguar
192,194,Ashil,Latham,alatham5d@de.vu,Ford
193,195,Roanne,Marchenko,rmarchenko5e@huffingtonpost.com,Infiniti
194,196,Hobey,Jelk,hjelk5f@shareasale.com,Lamborghini
195,197,Corinna,Kimmince,ckimmince5g@wikispaces.com,Pontiac
196,198,Andras,Stilly,astilly5h@ftc.gov,Chevrolet
197,199,Alex,Jirusek,ajirusek5i@bloglovin.com,Subaru
198,200,Sheffie,Bowmen,sbowmen5j@youtu.be,Suzuki
199,201,Kathlin,Illidge,killidge5k@wiley.com,Nissan
200,202,Nariko,Trenouth,ntrenouth5l@cafepress.com,Nissan
201,203,Mercedes,Neissen,mneissen5m@nydailynews.com,Volkswagen
202,204,Nelia,Du Fray,ndufray5n@aboutads.info,BMW
203,205,Clerissa,Cromleholme,ccromleholme5o@state.gov,Mercedes-Benz
204,206,Corny,Frankowski,cfrankowski5p@moonfruit.com,Cadillac
205,207,Valerye,Breckell,vbreckell5q@dagondesign.com,Subaru
206,208,Thedric,Vallentin,tvallentin5r@google.ca,Audi
207,209,Rod,Brayson,rbrayson5s@soundcloud.com,Mercedes-Benz
208,210,Tori,Kubiczek,tkubiczek5t@amazon.de,Mazda
209,211,Araldo,Felten,afelten5u@nationalgeographic.com,Mercury
210,212,Brittne,Greenroad,bgreenroad5v@weebly.com,Volkswagen
211,213,Lindon,Ber,lber5w@studiopress.com,Aston Martin
212,214,Shadow,Gibling,sgibling5x@state.tx.us,Ford
213,215,Fritz,Bortoluzzi,fbortoluzzi5y@nydailynews.com,Honda
214,216,Lorianne,Duchan,lduchan5z@twitter.com,Toyota
215,217,Jory,Dorbon,jdorbon60@washington.edu,Oldsmobile
216,218,Ellyn,McDowall,emcdowall61@cnn.com,Mitsubishi
217,219,Milissent,Carous,mcarous62@auda.org.au,Cadillac
218,220,Jeanelle,Domenget,jdomenget63@last.fm,Saturn
219,221,Mariejeanne,Lardiner,mlardiner64@nifty.com,Mercury
220,222,Lazaro,Geroldini,lgeroldini65@clickbank.net,Suzuki
221,223,Layla,Lowry,llowry66@ebay.co.uk,Mazda
222,224,Noak,Loftin,nloftin67@china.com.cn,Mitsubishi
223,225,Gerhardine,McFade,gmcfade68@liveinternet.ru,Volkswagen
224,226,Gerladina,Yannikov,gyannikov69@craigslist.org,Land Rover
225,227,Arleyne,Gillhespy,agillhespy6a@mlb.com,Panoz
226,228,Frederico,Edowes,fedowes6b@mozilla.org,Mitsubishi
227,229,Melli,Ockendon,mockendon6c@odnoklassniki.ru,Audi
228,230,Regan,Disbrey,rdisbrey6d@ustream.tv,Land Rover
229,231,Norry,Haggerty,nhaggerty6e@squarespace.com,Chevrolet
230,232,Damiano,Haylett,dhaylett6f@globo.com,Ford
231,233,Melina,Pawlik,mpawlik6g@accuweather.com,Chevrolet
232,234,Zitella,Lye,zlye6h@baidu.com,Audi
233,235,Netta,O'Scannill,noscannill6i@stumbleupon.com,Jeep
234,236,Carolann,Ruthen,cruthen6j@gizmodo.com,GMC
235,237,Floria,McKiddin,fmckiddin6k@hatena.ne.jp,Saturn
236,238,Alie,Woodyer,awoodyer6l@washington.edu,Mercedes-Benz
237,239,Patton,Rhodef,prhodef6m@bloglines.com,Oldsmobile
238,240,Dante,Manzell,dmanzell6n@pagesperso-orange.fr,Chevrolet
239,241,Guinna,Carmo,gcarmo6o@hubpages.com,Lexus
240,242,Linzy,Astell,lastell6p@huffingtonpost.com,Hyundai
241,243,Erek,Edy,eedy6q@sfgate.com,Isuzu
242,244,Devon,Rivenzon,drivenzon6r@bigcartel.com,Dodge
243,245,Fields,Vasyatkin,fvasyatkin6s@nymag.com,Buick
244,246,Dew,Guyon,dguyon6t@huffingtonpost.com,Mazda
245,247,Imojean,Rodge,irodge6u@wp.com,Mazda
246,248,Rayshell,McPeake,rmcpeake6v@devhub.com,Cadillac
247,249,Orton,Franschini,ofranschini6w@youku.com,Chevrolet
248,250,Isador,Muat,imuat6x@tripod.com,Ford
249,251,Constantin,Benkhe,cbenkhe6y@mashable.com,Ford
250,252,Xever,Braznell,xbraznell6z@vistaprint.com,Saturn
251,253,Nikkie,Janko,njanko70@hexun.com,Mazda
252,254,Dodi,Shapira,dshapira71@vinaora.com,Lincoln
253,255,Gregg,Kid,gkid72@google.ru,Chevrolet
254,256,Ruddy,Arkow,rarkow73@squarespace.com,Lincoln
255,257,Lil,Abry,labry74@arizona.edu,Mitsubishi
256,258,Darin,Haslen,dhaslen75@i2i.jp,Cadillac
257,259,Fons,Mostin,fmostin76@jiathis.com,Pontiac
258,260,Justus,McKevany,jmckevany77@nih.gov,Buick
259,261,Kary,Lombardo,klombardo78@wiley.com,GMC
260,262,Giffard,Sindall,gsindall79@umich.edu,Chevrolet
261,263,Jojo,Oakland,joakland7a@lulu.com,Volkswagen
262,264,Wren,Nesey,wnesey7b@desdev.cn,Jaguar
263,265,Alyss,Barnard,abarnard7c@webeden.co.uk,GMC
264,266,Lucinda,Tigner,ltigner7d@soundcloud.com,Mercury
265,267,Thomasina,Thon,tthon7e@weibo.com,Honda
266,268,Barri,Flounders,bflounders7f@ucoz.com,Maserati
267,269,Dolf,Melwall,dmelwall7g@netlog.com,Honda
268,270,Mychal,Diboll,mdiboll7h@wikipedia.org,Mercury
269,271,Verena,Morton,vmorton7i@unicef.org,Dodge
270,272,Penrod,Goldsberry,pgoldsberry7j@scientificamerican.com,Jeep
271,273,Julie,Ateridge,jateridge7k@comcast.net,Chevrolet
272,274,Sofie,Maunsell,smaunsell7l@weather.com,Mazda
273,275,Wilow,Ditt,wditt7m@studiopress.com,Mazda
274,276,Celesta,Challice,cchallice7n@g.co,Volkswagen
275,277,Eric,Dodamead,edodamead7o@timesonline.co.uk,Infiniti
276,278,Casie,Spary,cspary7p@cyberchimps.com,Subaru
277,279,Jacklin,Dabrowski,jdabrowski7q@bizjournals.com,Honda
278,280,Cher,Vinson,cvinson7r@amazon.com,BMW
279,281,Stirling,MacKaig,smackaig7s@delicious.com,Dodge
280,282,Arabelle,Garforth,agarforth7t@quantcast.com,Maserati
281,283,Evanne,Goodale,egoodale7u@unc.edu,Cadillac
282,284,Agnese,Marjanovic,amarjanovic7v@cisco.com,Land Rover
283,285,Malina,Nucci,mnucci7w@dailymail.co.uk,Volkswagen
284,286,Carrissa,Voisey,cvoisey7x@tamu.edu,Lexus
285,287,Tera,Leek,tleek7y@cpanel.net,Toyota
286,288,Leanna,Rosenwald,lrosenwald7z@apple.com,Volkswagen
287,289,Ethelyn,Oakwell,eoakwell80@tripadvisor.com,Dodge
288,290,Tootsie,Perrelle,tperrelle81@dagondesign.com,Lexus
289,291,Jessie,Stack,jstack82@marriott.com,Suzuki
290,292,Barrie,Moscone,bmoscone83@flavors.me,Land Rover
291,293,Dorothy,Jebb,djebb84@is.gd,Hyundai
292,294,Durant,Jakubiak,djakubiak85@deliciousdays.com,Toyota
293,295,Mel,Borrows,mborrows86@hugedomains.com,MINI
294,296,Cyrille,Dulwitch,cdulwitch87@mysql.com,Buick
295,297,Connie,O'Grada,cograda88@wufoo.com,Maserati
296,298,Barbette,Haitlie,bhaitlie89@ft.com,Toyota
297,299,Iris,Maso,imaso8a@oakley.com,Oldsmobile
298,300,Cassi,Shurrock,cshurrock8b@blogspot.com,Ford
299,301,Wynny,Bellhouse,wbellhouse8c@opera.com,Dodge
300,302,Elnore,Bruck,ebruck8d@digg.com,Pontiac
301,303,Jean,Plastow,jplastow8e@ehow.com,Audi
302,304,Walliw,Simonitto,wsimonitto8f@oaic.gov.au,Chevrolet
303,305,Kayla,Ayris,kayris8g@apache.org,GMC
304,306,Katrina,Dunseath,kdunseath8h@forbes.com,Kia
305,307,Binni,Le Port,bleport8i@google.com.hk,GMC
306,308,Ripley,Ferry,rferry8j@cargocollective.com,Pontiac
307,309,Justino,Crichley,jcrichley8k@ocn.ne.jp,Chevrolet
308,310,Patrice,Cornell,pcornell8l@miitbeian.gov.cn,Mazda
309,311,Sandi,Vale,svale8m@xinhuanet.com,Nissan
310,312,Horst,Margett,hmargett8n@google.es,Hyundai
311,313,Ira,Dobinson,idobinson8o@usda.gov,Plymouth
312,314,Hugo,Coniff,hconiff8p@istockphoto.com,Subaru
313,315,Trumann,Aspinal,taspinal8q@geocities.com,Cadillac
314,316,Gerek,Foukx,gfoukx8r@comsenz.com,Lexus
315,317,Levon,Legg,llegg8s@umn.edu,Pontiac
316,318,Red,Bosanko,rbosanko8t@ted.com,Audi
317,319,Gradeigh,Faulo,gfaulo8u@fc2.com,Oldsmobile
318,320,Lilia,Orwin,lorwin8v@who.int,Dodge
319,321,Roderich,Gladeche,rgladeche8w@stanford.edu,Toyota
320,322,Georgeanna,Weaben,gweaben8x@uiuc.edu,Jeep
321,323,Filmer,Rape,frape8y@g.co,Oldsmobile
322,324,Petronella,Opdenorth,popdenorth8z@newsvine.com,Honda
323,325,Alfy,Dunmore,adunmore90@cbslocal.com,Hyundai
324,326,Falkner,Redler,fredler91@virginia.edu,Volvo
325,327,Brand,Studdeard,bstuddeard92@gravatar.com,Chevrolet
326,328,Rodie,Kiffin,rkiffin93@aboutads.info,Cadillac
327,329,Tommy,Borges,tborges94@uiuc.edu,Daewoo
328,330,Lissi,Cargen,lcargen95@google.co.uk,Pontiac
329,331,Loree,Froment,lfroment96@goo.gl,Oldsmobile
330,332,Harriott,Lantuffe,hlantuffe97@pinterest.com,Audi
331,333,Annabelle,Poleye,apoleye98@chronoengine.com,Chevrolet
332,334,Mersey,Cressor,mcressor99@yolasite.com,Ford
333,335,Kristoforo,Baert,kbaert9a@ifeng.com,CitroÃ«n
334,336,Angelina,Turfus,aturfus9b@techcrunch.com,Dodge
335,337,Lindsay,Stringer,lstringer9c@reuters.com,Subaru
336,338,Claire,Galliard,cgalliard9d@mit.edu,Toyota
337,339,Dorette,Leeuwerink,dleeuwerink9e@mit.edu,Mitsubishi
338,340,Hercule,Kilborn,hkilborn9f@twitter.com,Pontiac
339,341,Shauna,Probets,sprobets9g@1und1.de,Ford
340,342,Stephine,Brattan,sbrattan9h@seattletimes.com,Lincoln
341,343,Harris,Betts,hbetts9i@kickstarter.com,Ford
342,344,Renate,De Rye Barrett,rderyebarrett9j@aol.com,Hyundai
343,345,Aldridge,Sinnocke,asinnocke9k@guardian.co.uk,Lexus
344,346,Lita,Streat,lstreat9l@indiegogo.com,Ford
345,347,Ernesto,Threlfall,ethrelfall9m@skype.com,Mazda
346,348,Margeaux,Bernucci,mbernucci9n@hubpages.com,Lexus
347,349,Aurel,Townrow,atownrow9o@google.es,Chrysler
348,350,Abeu,Colbeck,acolbeck9p@tmall.com,Hyundai
349,351,Doreen,Danson,ddanson9q@ox.ac.uk,Suzuki
350,352,Vito,Merriment,vmerriment9r@buzzfeed.com,Ford
351,353,Erhard,Cattlemull,ecattlemull9s@techcrunch.com,Chrysler
352,354,Aleece,Winspire,awinspire9t@barnesandnoble.com,Porsche
353,355,Wynny,Mardell,wmardell9u@un.org,Porsche
354,356,Lanie,Shera,lshera9v@paginegialle.it,Ford
355,357,Eunice,Mc Andrew,emcandrew9w@dagondesign.com,Mercedes-Benz
356,358,Wayne,Dudmesh,wdudmesh9x@dropbox.com,GMC
357,359,Eula,Caruth,ecaruth9y@symantec.com,GMC
358,360,Jermain,Skowcraft,jskowcraft9z@moonfruit.com,Mitsubishi
359,361,Miriam,Whillock,mwhillocka0@dion.ne.jp,Kia
360,362,Rosamond,Martina,rmartinaa1@domainmarket.com,Volkswagen
361,363,Vassili,Lanchbery,vlanchberya2@thetimes.co.uk,Mitsubishi
362,364,Devi,Piers,dpiersa3@adobe.com,Bentley
363,365,Harvey,Tinkham,htinkhama4@simplemachines.org,Lexus
364,366,Stanislaw,Aumerle,saumerlea5@bloglines.com,Mitsubishi
365,367,Georgeta,Davids,gdavidsa6@wisc.edu,Mercury
366,368,Amabel,Kadd,akadda7@ameblo.jp,Suzuki
367,369,Buck,Elfe,belfea8@disqus.com,Ford
368,370,Victoria,Issitt,vissitta9@uol.com.br,Chrysler
369,371,Veronika,Jennens,vjennensaa@simplemachines.org,Ford
370,372,Bibbie,D'Ruel,bdruelab@is.gd,GMC
371,373,Ulrich,Albasiny,ualbasinyac@goo.gl,Suzuki
372,374,Carmella,Doumerc,cdoumercad@discuz.net,Toyota
373,375,Lorens,Ogelbe,logelbeae@ask.com,Chevrolet
374,376,Janeta,Gromley,jgromleyaf@apple.com,Geo
375,377,Nedda,Bodycombe,nbodycombeag@va.gov,Buick
376,378,Raddie,Roscow,rroscowah@sogou.com,Oldsmobile
377,379,Anderson,Hancock,ahancockai@wunderground.com,Ford
378,380,Maddy,Halburton,mhalburtonaj@icio.us,Mitsubishi
379,381,Mikkel,Anan,mananak@de.vu,Pontiac
380,382,Glennie,Staves,gstavesal@wired.com,Chrysler
381,383,Madel,Mowne,mmowneam@mozilla.org,Ford
382,384,Anissa,Crayden,acraydenan@friendfeed.com,Honda
383,385,Giulietta,Stiegar,gstiegarao@sitemeter.com,Toyota
384,386,Artemus,Cabrera,acabreraap@sphinn.com,Lexus
385,387,Ichabod,Petz,ipetzaq@google.de,GMC
386,388,Graig,Blunn,gblunnar@washingtonpost.com,BMW
387,389,Elita,Conman,econmanas@bluehost.com,Toyota
388,390,Honey,Bartholomieu,hbartholomieuat@cbc.ca,Chevrolet
389,391,Caren,Figin,cfiginau@toplist.cz,Dodge
390,392,Cosetta,Conkey,cconkeyav@slate.com,GMC
391,393,Johnathon,Mailey,jmaileyaw@noaa.gov,Maybach
392,394,Ethelred,Hullyer,ehullyerax@google.com.br,Volvo
393,395,Roz,Yurikov,ryurikovay@reddit.com,Subaru
394,396,Jerrie,Simionato,jsimionatoaz@cargocollective.com,Mercedes-Benz
395,397,Claribel,McHan,cmchanb0@gmpg.org,Cadillac
396,398,Hewet,Ceely,hceelyb1@ox.ac.uk,Hummer
397,399,Barbe,Tuxwell,btuxwellb2@sbwire.com,BMW
398,400,Marketa,Laverick,mlaverickb3@bloomberg.com,Saab
399,401,Brenna,Barnewille,bbarnewilleb4@about.me,Lexus
400,402,Merrick,Roseman,mrosemanb5@cafepress.com,Nissan
401,403,Torey,Filippov,tfilippovb6@shutterfly.com,Saab
402,404,Sibyl,Eastman,seastmanb7@diigo.com,Chrysler
403,405,Nanon,Yanshin,nyanshinb8@npr.org,Mercedes-Benz
404,406,Perl,Tabbernor,ptabbernorb9@narod.ru,Cadillac
405,407,Allard,Rupert,arupertba@blogtalkradio.com,Buick
406,408,Ibby,Jones,ijonesbb@senate.gov,Ford
407,409,Elsy,Ardern,eardernbc@weibo.com,Nissan
408,410,Rosalinde,Gyver,rgyverbd@yellowpages.com,Chevrolet
409,411,Nerita,Chastey,nchasteybe@businesswire.com,Isuzu
410,412,Kimberli,Terrazzo,kterrazzobf@imdb.com,Toyota
411,413,Jemimah,Steketee,jsteketeebg@go.com,Jeep
412,414,Shanta,Gethin,sgethinbh@addthis.com,Kia
413,415,Wolfgang,De Bruyn,wdebruynbi@chicagotribune.com,Toyota
414,416,Galven,Jacomb,gjacombbj@etsy.com,Toyota
415,417,Harlin,Deal,hdealbk@pinterest.com,Lincoln
416,418,Feliks,Fernanando,ffernanandobl@webmd.com,Dodge
417,419,Xenos,Da Costa,xdacostabm@ucsd.edu,Dodge
418,420,Reinaldos,Rentoll,rrentollbn@unicef.org,Isuzu
419,421,Bordie,Piddocke,bpiddockebo@networkadvertising.org,Lotus
420,422,Cly,Bailess,cbailessbp@cnet.com,Cadillac
421,423,Micheal,Bonifacio,mbonifaciobq@bing.com,Pontiac
422,424,Marty,Presley,mpresleybr@kickstarter.com,Mitsubishi
423,425,Chico,Yeardsley,cyeardsleybs@wordpress.org,Chevrolet
424,426,Cristen,MacKimm,cmackimmbt@etsy.com,Infiniti
425,427,Aubrey,Campa,acampabu@smugmug.com,Pontiac
426,428,Jasmina,Bernaldo,jbernaldobv@desdev.cn,Chevrolet
427,429,Barty,Isacq,bisacqbw@istockphoto.com,Acura
428,430,Anders,Duinkerk,aduinkerkbx@pen.io,Cadillac
429,431,Dehlia,Kiljan,dkiljanby@taobao.com,Mazda
430,432,Dynah,Cremins,dcreminsbz@51.la,Cadillac
431,433,Rhoda,Woolens,rwoolensc0@loc.gov,Hummer
432,434,Boycey,Columbell,bcolumbellc1@cafepress.com,Saab
433,435,Farrel,Measham,fmeashamc2@about.me,Oldsmobile
434,436,Eilis,Ragbourn,eragbournc3@bluehost.com,Acura
435,437,Edmon,Nutt,enuttc4@about.com,Dodge
436,438,Dacey,Leachman,dleachmanc5@ow.ly,Kia
437,439,Desdemona,Axelbey,daxelbeyc6@abc.net.au,Ford
438,440,Estell,Cuttelar,ecuttelarc7@google.com.br,Mercedes-Benz
439,441,Elvira,Spollen,espollenc8@pcworld.com,Lincoln
440,442,Golda,Rattry,grattryc9@moonfruit.com,Suzuki
441,443,Roselin,Coveny,rcovenyca@diigo.com,Lotus
442,444,Prince,Stanluck,pstanluckcb@newsvine.com,Chevrolet
443,445,Luis,Van Saltsberg,lvansaltsbergcc@berkeley.edu,Ford
444,446,Joete,Cutmere,jcutmerecd@cmu.edu,Lincoln
445,447,Cymbre,Whyborne,cwhybornece@xrea.com,GMC
446,448,Coleen,Sommerlin,csommerlincf@gravatar.com,Isuzu
447,449,Wanids,Keems,wkeemscg@ucoz.ru,Ford
448,450,Faydra,Shillington,fshillingtonch@bloglines.com,Lincoln
449,451,Krisha,Stannah,kstannahci@macromedia.com,Chevrolet
450,452,Wayland,Boggs,wboggscj@unicef.org,Geo
451,453,Bartholomew,Christon,bchristonck@yahoo.com,Dodge
452,454,Cybill,Kennefick,ckennefickcl@ebay.co.uk,Suzuki
453,455,Carissa,Garrad,cgarradcm@sfgate.com,Toyota
454,456,Ruth,Pask,rpaskcn@blogger.com,Cadillac
455,457,Geneva,Hullbrook,ghullbrookco@guardian.co.uk,Subaru
456,458,Skipper,Goodey,sgoodeycp@arizona.edu,Pontiac
457,459,Chere,Canner,ccannercq@japanpost.jp,Eagle
458,460,Doreen,Peer,dpeercr@miibeian.gov.cn,Hyundai
459,461,Shelba,O' Mara,somaracs@amazon.co.jp,Buick
460,462,Reinhold,Trenchard,rtrenchardct@guardian.co.uk,Mercury
461,463,Bren,Rysom,brysomcu@cdbaby.com,Volkswagen
462,464,Syd,Austing,saustingcv@ucoz.ru,Lincoln
463,465,Alida,Giuroni,agiuronicw@last.fm,Acura
464,466,Miguel,Chiles,mchilescx@cbslocal.com,Porsche
465,467,Mordecai,Stitfall,mstitfallcy@linkedin.com,Maserati
466,468,Mavra,Laird-Craig,mlairdcraigcz@ebay.com,Mercedes-Benz
467,469,Laetitia,Jonke,ljonked0@unesco.org,Infiniti
468,470,Gunner,Baugham,gbaughamd1@ucsd.edu,GMC
469,471,Ermentrude,Feeham,efeehamd2@hud.gov,Volvo
470,472,Kahaleel,Piola,kpiolad3@independent.co.uk,Chevrolet
471,473,Gustavus,Vollam,gvollamd4@altervista.org,Plymouth
472,474,Mara,Hugenin,mhugenind5@msu.edu,Ford
473,475,Zeb,Boggish,zboggishd6@reference.com,Mazda
474,476,Obadiah,Dreye,odreyed7@sphinn.com,GMC
475,477,Brande,Dovington,bdovingtond8@theguardian.com,Toyota
476,478,Rozelle,McAuslene,rmcauslened9@businessweek.com,Ford
477,479,Rocky,Heibl,rheiblda@jimdo.com,Volkswagen
478,480,Paco,Sedgwick,psedgwickdb@elpais.com,Lexus
479,481,Elizabet,Wellum,ewellumdc@dion.ne.jp,Isuzu
480,482,Laurie,Takle,ltakledd@wikipedia.org,Jeep
481,483,Zach,Punch,zpunchde@instagram.com,Geo
482,484,Euphemia,Stain,estaindf@yale.edu,Honda
483,485,Charo,Arson,carsondg@ehow.com,Saab
484,486,Koral,Garfoot,kgarfootdh@businesswire.com,Toyota
485,487,Kaitlynn,Agg,kaggdi@cdc.gov,Chevrolet
486,488,Teriann,Biasioli,tbiasiolidj@etsy.com,Volvo
487,489,Lu,Duigan,lduigandk@umn.edu,Jaguar
488,490,Cornie,Gooley,cgooleydl@people.com.cn,Kia
489,491,Mady,Campos,mcamposdm@rediff.com,Aston Martin
490,492,Marigold,Vineall,mvinealldn@lulu.com,Hyundai
491,493,Alejandrina,Grenter,agrenterdo@google.com,Hyundai
492,494,Demeter,Pimlott,dpimlottdp@hao123.com,Kia
493,495,Dorothea,Killingbeck,dkillingbeckdq@theglobeandmail.com,Buick
494,496,Teirtza,Purdon,tpurdondr@networkadvertising.org,Ram
495,497,Fidole,Joreau,fjoreauds@blogs.com,Chevrolet
496,498,Humfrid,Josselson,hjosselsondt@opera.com,Chevrolet
497,499,Drud,Wille,dwilledu@toplist.cz,Audi
498,500,Casey,Jeaneau,cjeaneaudv@google.pl,Ford
499,501,Brody,Duker,bdukerdw@europa.eu,Chevrolet
500,502,Jennine,Affuso,jaffusodx@issuu.com,Dodge
501,503,Adamo,Keilty,akeiltydy@zdnet.com,Mitsubishi
502,504,Hollie,Wainwright,hwainwrightdz@mtv.com,Land Rover
503,505,Gaspar,Lux,gluxe0@last.fm,Mercedes-Benz
504,506,Laverne,Jossum,ljossume1@reddit.com,Volkswagen
505,507,Vernice,Kneale,vknealee2@jalbum.net,Audi
506,508,Stefa,Fawke,sfawkee3@amazon.co.uk,Pontiac
507,509,Mortie,Yellep,myellepe4@domainmarket.com,GMC
508,510,Scarlet,Yoodall,syoodalle5@wisc.edu,Austin
509,511,Aleece,Pendreigh,apendreighe6@umn.edu,Audi
510,512,Marsha,Cohn,mcohne7@nasa.gov,Hyundai
511,513,Lenette,Montfort,lmontforte8@simplemachines.org,Honda
512,514,Maribelle,Allnutt,mallnutte9@time.com,Audi
513,515,Tabbi,Fery,tferyea@smh.com.au,Mitsubishi
514,516,Jesse,Bercevelo,jberceveloeb@reference.com,Ford
515,517,Roy,Happs,rhappsec@psu.edu,Lotus
516,518,Shannon,Chapelhow,schapelhowed@tinypic.com,Chevrolet
517,519,Kippar,Capineer,kcapineeree@pinterest.com,Geo
518,520,Etan,Selway,eselwayef@1688.com,Land Rover
519,521,Fritz,Anetts,fanettseg@nba.com,Mazda
520,522,Leta,Stoneham,lstonehameh@omniture.com,Buick
521,523,Cayla,Barfford,cbarffordei@yellowpages.com,Ford
522,524,Amargo,Dakhno,adakhnoej@a8.net,Honda
523,525,Eloisa,Meanwell,emeanwellek@utexas.edu,Kia
524,526,Ezekiel,Taylor,etaylorel@amazon.de,Volkswagen
525,527,Herbert,Danilchenko,hdanilchenkoem@google.es,BMW
526,528,Ange,Sidaway,asidawayen@live.com,Maserati
527,529,Galina,Jakaway,gjakawayeo@ftc.gov,Mercedes-Benz
528,530,Gabriele,Ferrino,gferrinoep@amazonaws.com,Toyota
529,531,Rory,Monckman,rmonckmaneq@soup.io,Mercedes-Benz
530,532,Herminia,Draisey,hdraiseyer@plala.or.jp,Ford
531,533,Mikol,Gabriely,mgabrielyes@godaddy.com,GMC
532,534,Walt,Welfare,wwelfareet@homestead.com,Lexus
533,535,Salmon,Monsey,smonseyeu@huffingtonpost.com,GMC
534,536,Alasteir,Hail,ahailev@mapy.cz,Mitsubishi
535,537,Jehanna,Mathet,jmathetew@sun.com,Subaru
536,538,Freda,Pengelley,fpengelleyex@networkadvertising.org,Saab
537,539,Tiphany,Sawyers,tsawyersey@arizona.edu,Toyota
538,540,Bili,Draysay,bdraysayez@dedecms.com,Hyundai
539,541,Stavros,Gaitung,sgaitungf0@mapy.cz,Ford
540,542,Rich,Smitham,rsmithamf1@cyberchimps.com,Honda
541,543,Nanon,Richford,nrichfordf2@addthis.com,Volvo
542,544,Brigg,Liddard,bliddardf3@eepurl.com,Honda
543,545,Barbee,Lidgely,blidgelyf4@tripadvisor.com,Mitsubishi
544,546,Janela,Varndell,jvarndellf5@sakura.ne.jp,Hyundai
545,547,Sophia,Duguid,sduguidf6@photobucket.com,Ford
546,548,Mannie,Nowlan,mnowlanf7@google.fr,Honda
547,549,Yancy,Tripean,ytripeanf8@cornell.edu,Jeep
548,550,Konstance,Gilffillan,kgilffillanf9@bloomberg.com,Pontiac
549,551,Legra,Arrault,larraultfa@intel.com,Chevrolet
550,552,Gery,Jizhaki,gjizhakifb@etsy.com,GMC
551,553,Sella,Thoma,sthomafc@hhs.gov,Volvo
552,554,Coreen,Bezants,cbezantsfd@vkontakte.ru,Ford
553,555,Jillian,Watford,jwatfordfe@bluehost.com,Ford
554,556,Karoly,Skippen,kskippenff@delicious.com,Aston Martin
555,557,Bat,Harbach,bharbachfg@mtv.com,Subaru
556,558,Eloise,Guyonnet,eguyonnetfh@yelp.com,Mitsubishi
557,559,Hadlee,Oloman,holomanfi@opera.com,Chevrolet
558,560,Papagena,Haggleton,phaggletonfj@bluehost.com,Mazda
559,561,Jeana,Knobell,jknobellfk@economist.com,Lexus
560,562,Ruthann,Rapa,rrapafl@loc.gov,Ford
561,563,Sibel,Meffin,smeffinfm@wp.com,Mazda
562,564,Goldarina,Sindle,gsindlefn@cocolog-nifty.com,Volvo
563,565,Paolina,Copello,pcopellofo@canalblog.com,Infiniti
564,566,Leonora,Langabeer,llangabeerfp@wikia.com,Eagle
565,567,Gawen,Pollen,gpollenfq@army.mil,BMW
566,568,Fancy,Sandiland,fsandilandfr@xing.com,Honda
567,569,Tildie,Farloe,tfarloefs@aboutads.info,Kia
568,570,Brande,Shrimplin,bshrimplinft@illinois.edu,Ford
569,571,Royall,Lowndesbrough,rlowndesbroughfu@exblog.jp,Lincoln
570,572,Gerti,Pedycan,gpedycanfv@sohu.com,Mercedes-Benz
571,573,Juana,Oda,jodafw@infoseek.co.jp,Acura
572,574,Sybilla,Cadge,scadgefx@multiply.com,Porsche
573,575,Robin,Dormand,rdormandfy@over-blog.com,Volvo
574,576,Alleen,McNeill,amcneillfz@slideshare.net,Hyundai
575,577,Ashia,Sich,asichg0@zimbio.com,Pontiac
576,578,Elliot,Cregan,ecregang1@ed.gov,GMC
577,579,Clem,Windle,cwindleg2@nps.gov,Saab
578,580,Teodoor,Strangeways,tstrangewaysg3@infoseek.co.jp,Chrysler
579,581,Peggie,Benoiton,pbenoitong4@columbia.edu,Chrysler
580,582,Charisse,Bravery,cbraveryg5@examiner.com,Buick
581,583,Vicky,Crambie,vcrambieg6@smh.com.au,Nissan
582,584,Wendell,Thomsson,wthomssong7@phoca.cz,Volkswagen
583,585,Giacopo,Donisi,gdonisig8@webnode.com,Infiniti
584,586,Giusto,Rochford,grochfordg9@oracle.com,Chevrolet
585,587,Clayton,Tumbelty,ctumbeltyga@mtv.com,Honda
586,588,Rhodie,James,rjamesgb@dailymail.co.uk,Hyundai
587,589,Janela,Langfield,jlangfieldgc@pbs.org,Jeep
588,590,Osmund,Rennock,orennockgd@boston.com,Volkswagen
589,591,Flori,Joannet,fjoannetge@loc.gov,Lincoln
590,592,Inez,Blues,ibluesgf@sbwire.com,Buick
591,593,Alleyn,Skamal,askamalgg@360.cn,Mazda
592,594,Upton,Brailey,ubraileygh@issuu.com,BMW
593,595,Katalin,Patise,kpatisegi@sun.com,Audi
594,596,Valaria,Duggan,vduggangj@google.de,Mazda
595,597,Onida,Krystek,okrystekgk@tumblr.com,Mitsubishi
596,598,Nev,Hartnell,nhartnellgl@g.co,Chevrolet
597,599,Milzie,Gabby,mgabbygm@dedecms.com,Chevrolet
598,600,Dorene,Fayre,dfayregn@google.com,Buick
599,601,Lars,Buessen,lbuessengo@eepurl.com,Ford
600,602,Gunar,Eagan,geagangp@bravesites.com,BMW
601,603,Othella,Cleife,ocleifegq@howstuffworks.com,Mitsubishi
602,604,Roseline,Conningham,rconninghamgr@drupal.org,Ford
603,605,Gilberto,Reid,greidgs@blogger.com,Audi
604,606,Gus,Corness,gcornessgt@answers.com,Chevrolet
605,607,Dyanna,McCooke,dmccookegu@twitpic.com,Ford
606,608,Birdie,Dewdney,bdewdneygv@walmart.com,Hummer
607,609,Cherin,Skinn,cskinngw@slideshare.net,Honda
608,610,Hieronymus,Verryan,hverryangx@sun.com,Lotus
609,611,Kylen,Wickie,kwickiegy@home.pl,BMW
610,612,Sharlene,Lidgely,slidgelygz@howstuffworks.com,Mercury
611,613,Julio,Moles,jmolesh0@scientificamerican.com,Mitsubishi
612,614,Jessamyn,Phebee,jphebeeh1@biglobe.ne.jp,Dodge
613,615,Jessalyn,Kingcott,jkingcotth2@home.pl,Volvo
614,616,Arni,Caplan,acaplanh3@alexa.com,GMC
615,617,Gaven,Bermingham,gberminghamh4@netlog.com,Isuzu
616,618,Curcio,Rumin,cruminh5@ihg.com,Pontiac
617,619,Perle,Astlett,pastletth6@infoseek.co.jp,Audi
618,620,Tiphany,Sayers,tsayersh7@woothemes.com,Mazda
619,621,Andre,Sparhawk,asparhawkh8@163.com,Lexus
620,622,Edmon,Nehls,enehlsh9@dailymail.co.uk,Toyota
621,623,Dorey,Scutter,dscutterha@rediff.com,Cadillac
622,624,Cynthy,Kench,ckenchhb@businessweek.com,Mitsubishi
623,625,Adolphe,Birtonshaw,abirtonshawhc@scribd.com,Mercury
624,626,Debbi,Peterffy,dpeterffyhd@g.co,Oldsmobile
625,627,Rosalinda,Traite,rtraitehe@ezinearticles.com,Acura
626,628,Janek,Shoobridge,jshoobridgehf@columbia.edu,Mitsubishi
627,629,Saxe,Glenister,sglenisterhg@illinois.edu,Toyota
628,630,Rhoda,Haskayne,rhaskaynehh@cargocollective.com,Acura
629,631,Frayda,Oakenfield,foakenfieldhi@upenn.edu,Lexus
630,632,Jamison,Purselow,jpurselowhj@exblog.jp,Buick
631,633,Welsh,Kissell,wkissellhk@lycos.com,Pontiac
632,634,Cinderella,Ambrogetti,cambrogettihl@moonfruit.com,Lexus
633,635,Kally,Clubley,kclubleyhm@soup.io,Pontiac
634,636,Osbourn,Tellenbach,otellenbachhn@wikispaces.com,Honda
635,637,Leonhard,Crouse,lcrouseho@quantcast.com,Toyota
636,638,Carolann,Morrott,cmorrotthp@php.net,Daewoo
637,639,Jessamyn,Ahmed,jahmedhq@theatlantic.com,Porsche
638,640,Wilek,Lowmass,wlowmasshr@tmall.com,Nissan
639,641,Calypso,Haverty,chavertyhs@slate.com,Audi
640,642,Findley,Weston,fwestonht@deliciousdays.com,Acura
641,643,Alanson,Radclyffe,aradclyffehu@canalblog.com,Lexus
642,644,Ellissa,Saph,esaphhv@yellowbook.com,Kia
643,645,Ignatius,Burleigh,iburleighhw@macromedia.com,GMC
644,646,Berti,Dallan,bdallanhx@telegraph.co.uk,Audi
645,647,Lauritz,D'Adda,ldaddahy@wikipedia.org,Chevrolet
646,648,Lola,Foulstone,lfoulstonehz@epa.gov,Audi
647,649,Basilius,Eadmeads,beadmeadsi0@tumblr.com,Ford
648,650,Gloria,Hazelgrove,ghazelgrovei1@joomla.org,Chevrolet
649,651,Audy,Shearer,asheareri2@sakura.ne.jp,Toyota
650,652,Mendie,Honniebal,mhonniebali3@etsy.com,Mercury
651,653,Carlin,Commuzzo,ccommuzzoi4@simplemachines.org,Chrysler
652,654,Rudolf,Garlette,rgarlettei5@github.io,Cadillac
653,655,Ray,Badland,rbadlandi6@last.fm,Chrysler
654,656,Hubert,Dodge,hdodgei7@about.me,Oldsmobile
655,657,Jessika,Willeson,jwillesoni8@youtube.com,Pontiac
656,658,Starlin,Lorenzini,slorenzinii9@theguardian.com,Ford
657,659,Teodor,Jarman,tjarmania@de.vu,Mercedes-Benz
658,660,Jennee,Bruneau,jbruneauib@illinois.edu,Toyota
659,661,Garrek,Trowel,gtrowelic@hc360.com,Volkswagen
660,662,Cheryl,Leatt,cleattid@dagondesign.com,Chevrolet
661,663,Stafani,Patley,spatleyie@imdb.com,Porsche
662,664,Grata,Warlton,gwarltonif@nbcnews.com,Chevrolet
663,665,Cathleen,Battyll,cbattyllig@mlb.com,Dodge
664,666,Darryl,Lecordier,dlecordierih@wikia.com,Mercedes-Benz
665,667,Rogerio,Bennallck,rbennallckii@sphinn.com,Ferrari
666,668,Morie,Bere,mbereij@hugedomains.com,Ford
667,669,Sergei,Dulany,sdulanyik@jalbum.net,Ford
668,670,Frasquito,Redan,fredanil@hao123.com,Porsche
669,671,Erina,Jeenes,ejeenesim@delicious.com,Land Rover
670,672,Jewell,Parton,jpartonin@cmu.edu,Kia
671,673,Maisey,Borleace,mborleaceio@spiegel.de,Ford
672,674,Moise,O' Mahony,momahonyip@nsw.gov.au,Lincoln
673,675,Bay,Ungerecht,bungerechtiq@biblegateway.com,BMW
674,676,Orel,McGairl,omcgairlir@chicagotribune.com,Volkswagen
675,677,Sebastien,Jewks,sjewksis@pbs.org,BMW
676,678,Ofella,Bezley,obezleyit@topsy.com,Ford
677,679,Peterus,Rosso,prossoiu@cloudflare.com,Toyota
678,680,Finley,Aylesbury,faylesburyiv@zdnet.com,Nissan
679,681,Adrea,Bellinger,abellingeriw@apple.com,Chevrolet
680,682,Rouvin,Sparrowhawk,rsparrowhawkix@github.io,GMC
681,683,Conny,Arrault,carraultiy@walmart.com,Dodge
682,684,Immanuel,Mc Faul,imcfauliz@networksolutions.com,Volkswagen
683,685,Rafa,Gluyus,rgluyusj0@unesco.org,Daewoo
684,686,Othilia,Margeram,omargeramj1@rambler.ru,Volkswagen
685,687,Allsun,Swalwell,aswalwellj2@uol.com.br,Geo
686,688,Diannne,Hanscomb,dhanscombj3@army.mil,Ford
687,689,Maribelle,Randalson,mrandalsonj4@redcross.org,Pontiac
688,690,Winnie,Leindecker,wleindeckerj5@sfgate.com,Nissan
689,691,Laural,D'Orsay,ldorsayj6@usda.gov,Hyundai
690,692,Olympie,O' Clovan,ooclovanj7@list-manage.com,Ford
691,693,Melany,Cruikshank,mcruikshankj8@themeforest.net,BMW
692,694,Ranee,Pedley,rpedleyj9@deviantart.com,Land Rover
693,695,Bethena,Kares,bkaresja@google.de,Isuzu
694,696,Una,Addekin,uaddekinjb@tuttocitta.it,Mercury
695,697,Elias,Bulle,ebullejc@nsw.gov.au,Nissan
696,698,Ulick,Nicholson,unicholsonjd@ask.com,Audi
697,699,Mag,Patton,mpattonje@dion.ne.jp,Volkswagen
698,700,Terra,Frise,tfrisejf@dion.ne.jp,Mercury
699,701,Meggi,Jorez,mjorezjg@boston.com,Dodge
700,702,Maible,Van Giffen,mvangiffenjh@ebay.com,Chevrolet
701,703,Eal,Greenan,egreenanji@macromedia.com,Lexus
702,704,Drusy,De Stoop,ddestoopjj@t.co,GMC
703,705,Belle,Kidby,bkidbyjk@bloglines.com,Nissan
704,706,Aldin,McCosker,amccoskerjl@merriam-webster.com,Mitsubishi
705,707,Jacquetta,MacEllen,jmacellenjm@ucoz.com,Porsche
706,708,Raphael,Elnaugh,relnaughjn@yahoo.co.jp,Saab
707,709,Chuck,Banyard,cbanyardjo@wunderground.com,Mazda
708,710,Viola,Devlin,vdevlinjp@cocolog-nifty.com,Porsche
709,711,Arlana,Sturman,asturmanjq@hao123.com,Buick
710,712,Julietta,Foakes,jfoakesjr@ameblo.jp,Subaru
711,713,Ferdie,Laity,flaityjs@plala.or.jp,GMC
712,714,Gennie,Stobbart,gstobbartjt@cdbaby.com,Mercedes-Benz
713,715,Chrissie,Huban,chubanju@trellian.com,Volvo
714,716,Marianne,MacIntosh,mmacintoshjv@bandcamp.com,Plymouth
715,717,Wandis,Renish,wrenishjw@amazon.co.jp,Oldsmobile
716,718,Thekla,Krysztowczyk,tkrysztowczykjx@unicef.org,Chevrolet
717,719,Charmain,Penswick,cpenswickjy@npr.org,Audi
718,720,Bartholomew,Rickeard,brickeardjz@yale.edu,Ford
719,721,Serene,Hurley,shurleyk0@usgs.gov,Toyota
720,722,Ruprecht,Albon,ralbonk1@dot.gov,Toyota
721,723,Suzette,Cressor,scressork2@free.fr,Nissan
722,724,Giffard,Pemberton,gpembertonk3@ycombinator.com,Hyundai
723,725,Tatum,Waszkiewicz,twaszkiewiczk4@addtoany.com,Infiniti
724,726,Eduard,Moncarr,emoncarrk5@csmonitor.com,Mazda
725,727,Sharai,Stivey,sstiveyk6@springer.com,Acura
726,728,Amber,Reinmar,areinmark7@issuu.com,Porsche
727,729,Loella,Stammler,lstammlerk8@bigcartel.com,Aston Martin
728,730,Rorie,Cubitt,rcubittk9@163.com,Mitsubishi
729,731,Gizela,Fletcher,gfletcherka@about.me,GMC
730,732,Tate,Kynton,tkyntonkb@shop-pro.jp,Acura
731,733,Olia,Ledrane,oledranekc@edublogs.org,Honda
732,734,Abdel,Pidwell,apidwellkd@cmu.edu,Acura
733,735,Claudie,Corah,ccorahke@123-reg.co.uk,Kia
734,736,Carolyne,Febry,cfebrykf@berkeley.edu,Chrysler
735,737,Bernardina,Fiddian,bfiddiankg@house.gov,Volvo
736,738,Pooh,Hardcastle,phardcastlekh@last.fm,Pontiac
737,739,Robina,Bowgen,rbowgenki@biglobe.ne.jp,Audi
738,740,Kacy,MacTrustram,kmactrustramkj@admin.ch,Buick
739,741,Duncan,Tees,dteeskk@yellowpages.com,Mitsubishi
740,742,Barn,Reditt,bredittkl@networkadvertising.org,Volvo
741,743,Hermon,Abrashkin,habrashkinkm@usa.gov,Lexus
742,744,Martino,Togher,mtogherkn@elegantthemes.com,Lamborghini
743,745,Blane,Tother,btotherko@gnu.org,Jaguar
744,746,Kathi,Loades,kloadeskp@chronoengine.com,Infiniti
745,747,Rockwell,Olenchikov,rolenchikovkq@multiply.com,Mercedes-Benz
746,748,Burl,Sylvester,bsylvesterkr@un.org,Audi
747,749,Alfons,Rand,arandks@senate.gov,Bentley
748,750,Geneva,Shotboult,gshotboultkt@salon.com,Infiniti
749,751,Herb,Jenno,hjennoku@g.co,Chevrolet
750,752,Frederico,Noonan,fnoonankv@soundcloud.com,Chevrolet
751,753,Gunner,Tourner,gtournerkw@ebay.com,Nissan
752,754,Lou,Vertey,lverteykx@wordpress.org,Dodge
753,755,Ingrid,Jachimak,ijachimakky@umn.edu,MINI
754,756,Chickie,Steuart,csteuartkz@issuu.com,GMC
755,757,Allie,Buy,abuyl0@fotki.com,Volkswagen
756,758,Pavia,Lewer,plewerl1@tinypic.com,Mitsubishi
757,759,Cort,Bedrosian,cbedrosianl2@trellian.com,Buick
758,760,Jeffy,Maybery,jmayberyl3@weebly.com,Pontiac
759,761,Cyndy,Evangelinos,cevangelinosl4@amazon.com,GMC
760,762,Bealle,Screech,bscreechl5@dedecms.com,Toyota
761,763,Elmira,Fassan,efassanl6@sogou.com,Nissan
762,764,Darlleen,Medler,dmedlerl7@yale.edu,Isuzu
763,765,Piotr,Orto,portol8@reddit.com,Saab
764,766,Christyna,Shevelin,cshevelinl9@statcounter.com,Mitsubishi
765,767,Heinrik,Le-Good,hlegoodla@illinois.edu,Nissan
766,768,Johannes,Doughton,jdoughtonlb@hhs.gov,Chrysler
767,769,Celene,McGrey,cmcgreylc@e-recht24.de,Lincoln
768,770,Rollins,Mitchall,rmitchallld@sogou.com,Chrysler
769,771,Obediah,Salery,osaleryle@google.it,GMC
770,772,Jone,Asals,jasalslf@irs.gov,Acura
771,773,Dolores,Sleite,dsleitelg@seesaa.net,Nissan
772,774,Kin,Embleton,kembletonlh@about.com,Mazda
773,775,Ronda,Biaggioli,rbiaggiolili@networksolutions.com,Kia
774,776,Olia,Bonehill,obonehilllj@squidoo.com,Mitsubishi
775,777,Jackie,Dougill,jdougilllk@posterous.com,Nissan
776,778,King,Tozer,ktozerll@mashable.com,Audi
777,779,Candy,Gerbi,cgerbilm@flickr.com,GMC
778,780,Harriot,Niess,hniessln@goo.gl,Subaru
779,781,Carolann,O'Mullally,comullallylo@latimes.com,Mazda
780,782,Dion,Flounders,dflounderslp@wordpress.org,Volkswagen
781,783,Roddie,Groucock,rgroucocklq@imageshack.us,GMC
782,784,Evania,Stonhouse,estonhouselr@123-reg.co.uk,Hyundai
783,785,Bram,Thurlbeck,bthurlbeckls@sina.com.cn,Toyota
784,786,Mickey,Wardhough,mwardhoughlt@mlb.com,Eagle
785,787,Josi,Ilive,jilivelu@delicious.com,Hyundai
786,788,Nelia,Angelo,nangelolv@digg.com,Mitsubishi
787,789,Alphard,Soppeth,asoppethlw@yandex.ru,Volkswagen
788,790,Fawn,Da Costa,fdacostalx@vimeo.com,Chevrolet
789,791,Corette,Caven,ccavenly@google.com.hk,Honda
790,792,Tammie,Crame,tcramelz@hatena.ne.jp,Mazda
791,793,Milena,McCullogh,mmcculloghm0@wordpress.org,Mazda
792,794,Fawne,Carcass,fcarcassm1@slashdot.org,Ford
793,795,Bernadina,Espino,bespinom2@wp.com,Buick
794,796,Lucky,Bradberry,lbradberrym3@amazon.com,Ferrari
795,797,Emmaline,Needs,eneedsm4@bigcartel.com,Dodge
796,798,Catherin,Wedon,cwedonm5@angelfire.com,Lexus
797,799,Mahalia,Dulake,mdulakem6@example.com,Buick
798,800,Nisse,Fishleigh,nfishleighm7@webs.com,Nissan
799,801,Jacinta,Cleveley,jcleveleym8@tumblr.com,Volkswagen
800,802,Marve,Studdard,mstuddardm9@foxnews.com,Subaru
801,803,Gilbertina,Bottrell,gbottrellma@psu.edu,BMW
802,804,Margot,Collman,mcollmanmb@amazon.de,Volkswagen
803,805,Hillel,Utridge,hutridgemc@dion.ne.jp,Infiniti
804,806,Jillane,Cartmell,jcartmellmd@dmoz.org,Volkswagen
805,807,Samson,Goacher,sgoacherme@bloglovin.com,Buick
806,808,Hinda,Iskov,hiskovmf@sciencedirect.com,Land Rover
807,809,Boyd,Corns,bcornsmg@blogs.com,Mitsubishi
808,810,Hedwiga,Thebeaud,hthebeaudmh@cdc.gov,Cadillac
809,811,Gregorio,Longlands,glonglandsmi@ocn.ne.jp,Mazda
810,812,Rosalia,Gollin,rgollinmj@bravesites.com,Dodge
811,813,Garreth,Batthew,gbatthewmk@prweb.com,Shelby
812,814,Ricca,Philp,rphilpml@ucoz.com,Acura
813,815,Alvin,Godney,agodneymm@blogs.com,Nissan
814,816,Dugald,Loade,dloademn@exblog.jp,Maybach
815,817,Odille,Bescoby,obescobymo@simplemachines.org,Mercedes-Benz
816,818,Kerrill,Abberley,kabberleymp@ifeng.com,Ford
817,819,Faith,Joseland,fjoselandmq@umich.edu,Audi
818,820,Aaren,Snadden,asnaddenmr@mail.ru,Audi
819,821,Denni,Potteridge,dpotteridgems@illinois.edu,GMC
820,822,Laurianne,Fallen,lfallenmt@bigcartel.com,Dodge
821,823,Harley,Gwatkin,hgwatkinmu@xrea.com,Volkswagen
822,824,Kira,Kerridge,kkerridgemv@blogs.com,Chevrolet
823,825,Herschel,Isaacs,hisaacsmw@pen.io,Mitsubishi
824,826,Benny,Gorey,bgoreymx@usgs.gov,Lincoln
825,827,Gwyneth,Stokey,gstokeymy@mtv.com,Toyota
826,828,Marrilee,McParland,mmcparlandmz@youtube.com,Lexus
827,829,Wade,Stuehmeyer,wstuehmeyern0@qq.com,Dodge
828,830,Ethel,Josephy,ejosephyn1@vkontakte.ru,Mercury
829,831,Durward,Beadell,dbeadelln2@elpais.com,Scion
830,832,Elsa,Mathieu,emathieun3@buzzfeed.com,Pontiac
831,833,Carina,Herkess,cherkessn4@kickstarter.com,GMC
832,834,Bertie,Iddons,biddonsn5@eventbrite.com,Mitsubishi
833,835,Cassie,Abrahamsson,cabrahamssonn6@si.edu,BMW
834,836,Anthea,Trippick,atrippickn7@earthlink.net,Lincoln
835,837,Andriette,Arlott,aarlottn8@uol.com.br,Dodge
836,838,Reggis,Aaronsohn,raaronsohnn9@toplist.cz,Honda
837,839,Duky,Trengrove,dtrengrovena@engadget.com,Mazda
838,840,Raddy,Tart,rtartnb@creativecommons.org,Lotus
839,841,Marybeth,Poulter,mpoulternc@whitehouse.gov,BMW
840,842,Sinclair,Orpwood,sorpwoodnd@examiner.com,Land Rover
841,843,Omar,Dimitrijevic,odimitrijevicne@usatoday.com,Chevrolet
842,844,Carolus,Duck,cducknf@wix.com,Buick
843,845,Karlis,Gillice,kgilliceng@xing.com,Ford
844,846,Jeremias,Sallter,jsallternh@hexun.com,Audi
845,847,Analiese,Mitchiner,amitchinerni@foxnews.com,Chevrolet
846,848,Kit,Thurber,kthurbernj@godaddy.com,Hyundai
847,849,Eal,Brocket,ebrocketnk@tuttocitta.it,Plymouth
848,850,Rozalie,Giorgioni,rgiorgioninl@pen.io,Ford
849,851,Templeton,Nutbrown,tnutbrownnm@nba.com,Chevrolet
850,852,Gaye,O'Keefe,gokeefenn@instagram.com,Maybach
851,853,Jephthah,Fosdick,jfosdickno@mozilla.org,Toyota
852,854,Yorke,Arstingall,yarstingallnp@wsj.com,Ford
853,855,Guglielmo,Pohlke,gpohlkenq@netscape.com,Volkswagen
854,856,Jemima,Tocknell,jtocknellnr@theatlantic.com,Ford
855,857,Clark,Enstone,censtonens@mayoclinic.com,Mazda
856,858,Anestassia,Quibell,aquibellnt@geocities.jp,Chevrolet
857,859,Dorie,Sabin,dsabinnu@sitemeter.com,Porsche
858,860,Anny,Saywood,asaywoodnv@umn.edu,Maybach
859,861,Dorthea,Royste,droystenw@wordpress.com,Cadillac
860,862,Seth,Collishaw,scollishawnx@blogspot.com,Audi
861,863,Beverlee,Kloska,bkloskany@surveymonkey.com,Honda
862,864,Murray,Dewerson,mdewersonnz@scribd.com,Audi
863,865,Moyra,Tulloch,mtullocho0@fastcompany.com,Mercury
864,866,Thatch,De Normanville,tdenormanvilleo1@qq.com,Mercury
865,867,Britt,Stadden,bstaddeno2@drupal.org,Nissan
866,868,Cecile,Orcas,corcaso3@wp.com,Mercedes-Benz
867,869,Joshia,Durker,jdurkero4@jalbum.net,Saturn
868,870,Uriah,Spawton,uspawtono5@wix.com,BMW
869,871,Obidiah,Emery,oemeryo6@is.gd,Dodge
870,872,Merwyn,Arrowsmith,marrowsmitho7@chicagotribune.com,Lamborghini
871,873,Jerrold,Cruft,jcrufto8@xing.com,Mitsubishi
872,874,Claudell,Raithby,craithbyo9@yelp.com,Ford
873,875,Brigham,Barham,bbarhamoa@paginegialle.it,Audi
874,876,Benita,Berrigan,bberriganob@independent.co.uk,Toyota
875,877,Jeff,Atcheson,jatchesonoc@hud.gov,Nissan
876,878,Ninnette,Clausner,nclausnerod@oaic.gov.au,Mercury
877,879,Tull,Abramovitz,tabramovitzoe@wufoo.com,BMW
878,880,Dan,Tureville,dturevilleof@sina.com.cn,GMC
879,881,Jamie,Reggio,jreggioog@istockphoto.com,GMC
880,882,Shawna,Print,sprintoh@ycombinator.com,Ford
881,883,Tyson,Coatman,tcoatmanoi@indiatimes.com,Toyota
882,884,Gerek,Ficken,gfickenoj@ucoz.ru,Cadillac
883,885,Honoria,Rainsbury,hrainsburyok@tuttocitta.it,Bentley
884,886,Gussy,Mertin,gmertinol@reverbnation.com,Scion
885,887,Phedra,Euston,peustonom@rambler.ru,Nissan
886,888,Jillane,Gerram,jgerramon@boston.com,GMC
887,889,Adena,Barge,abargeoo@craigslist.org,Land Rover
888,890,Ursuline,Baroch,ubarochop@skype.com,Ford
889,891,Aloise,Ribchester,aribchesteroq@myspace.com,Honda
890,892,Sayers,Tunbridge,stunbridgeor@is.gd,Saab
891,893,Tyrone,Kloster,tklosteros@fema.gov,Porsche
892,894,Benni,Di Maria,bdimariaot@nifty.com,Land Rover
893,895,Cordell,Kelberer,ckelbererou@utexas.edu,Cadillac
894,896,Janie,O'Crigane,jocriganeov@springer.com,Buick
895,897,Antonius,Joris,ajorisow@facebook.com,Volvo
896,898,Irv,Semrad,isemradox@google.pl,Toyota
897,899,Granthem,Peet,gpeetoy@tripadvisor.com,Cadillac
898,900,Winn,Cords,wcordsoz@engadget.com,Subaru
899,901,Kiersten,Dionisii,kdionisiip0@hubpages.com,Audi
900,902,Florinda,Baggot,fbaggotp1@army.mil,Volkswagen
901,903,Steffi,Vreiberg,svreibergp2@histats.com,Mazda
902,904,Althea,Dundredge,adundredgep3@addtoany.com,Scion
903,905,Daryle,Iannazzi,diannazzip4@webnode.com,Suzuki
904,906,Noah,Galer,ngalerp5@studiopress.com,Nissan
905,907,Nehemiah,Loughhead,nloughheadp6@webeden.co.uk,Kia
906,908,Billy,Yardley,byardleyp7@stumbleupon.com,Pontiac
907,909,Derk,Talkington,dtalkingtonp8@themeforest.net,Maybach
908,910,Trevar,Parkin,tparkinp9@census.gov,Ford
909,911,Karine,Gouldthorp,kgouldthorppa@wsj.com,Mercedes-Benz
910,912,Meade,Denes,mdenespb@google.de,Lexus
911,913,Georgine,Mackrell,gmackrellpc@google.com.au,Jaguar
912,914,Jarvis,Riddles,jriddlespd@microsoft.com,Dodge
913,915,Lee,Vynall,lvynallpe@hostgator.com,Chrysler
914,916,Robinson,Bridger,rbridgerpf@arstechnica.com,Chevrolet
915,917,Francklin,Watmough,fwatmoughpg@soundcloud.com,Chevrolet
916,918,Paxon,Sandcraft,psandcraftph@newsvine.com,Mercedes-Benz
917,919,Carlina,Woolard,cwoolardpi@shareasale.com,Audi
918,920,Corena,O'Cleary,coclearypj@cargocollective.com,Ford
919,921,Myranda,McKissack,mmckissackpk@europa.eu,Chevrolet
920,922,Bunny,Kochel,bkochelpl@delicious.com,Honda
921,923,Cristionna,Escala,cescalapm@si.edu,Hyundai
922,924,Tiffie,Zorzetti,tzorzettipn@amazon.co.uk,Honda
923,925,Durant,Gayforth,dgayforthpo@last.fm,Volvo
924,926,Mariele,Schoffel,mschoffelpp@google.com.br,Mazda
925,927,Tate,Wisson,twissonpq@domainmarket.com,Mitsubishi
926,928,Bonny,Spellsworth,bspellsworthpr@mail.ru,Mitsubishi
927,929,Erena,Matteau,ematteaups@rakuten.co.jp,GMC
928,930,Agnes,Rawne,arawnept@marriott.com,Chevrolet
929,931,Neile,Biddle,nbiddlepu@furl.net,Lotus
930,932,Valery,Kydd,vkyddpv@slashdot.org,Buick
931,933,Forbes,McFadyen,fmcfadyenpw@chicagotribune.com,Lexus
932,934,Beckie,Coarser,bcoarserpx@nhs.uk,Buick
933,935,Blayne,Merrikin,bmerrikinpy@senate.gov,Jaguar
934,936,Herve,Torrisi,htorrisipz@privacy.gov.au,Ford
935,937,Malcolm,Tatford,mtatfordq0@japanpost.jp,Volvo
936,938,Daryl,Malek,dmalekq1@shutterfly.com,Ford
937,939,Vania,Rushmer,vrushmerq2@dyndns.org,Dodge
938,940,Talia,Kermit,tkermitq3@ycombinator.com,Volvo
939,941,Gerhardt,Warrack,gwarrackq4@upenn.edu,Jeep
940,942,Selma,Ship,sshipq5@archive.org,Aston Martin
941,943,Arly,Reasce,areasceq6@mlb.com,Honda
942,944,Jesus,Langlois,jlangloisq7@independent.co.uk,Chevrolet
943,945,Annis,Bernucci,abernucciq8@istockphoto.com,BMW
944,946,Vina,Blasing,vblasingq9@creativecommons.org,Suzuki
945,947,Jule,Spargo,jspargoqa@nba.com,Chevrolet
946,948,Winifred,Elcum,welcumqb@jugem.jp,GMC
947,949,Reggy,Adamik,radamikqc@mashable.com,Ford
948,950,Torrie,Dunstone,tdunstoneqd@yandex.ru,Mazda
949,951,Carmelina,Loxdale,cloxdaleqe@google.it,Lamborghini
950,952,Keely,Blazey,kblazeyqf@github.io,Mitsubishi
951,953,Tan,Shewry,tshewryqg@cloudflare.com,Porsche
952,954,Therine,Brownell,tbrownellqh@rediff.com,Land Rover
953,955,Caroline,Merck,cmerckqi@hexun.com,Mercedes-Benz
954,956,Halie,Auckland,haucklandqj@nytimes.com,Dodge
955,957,Joyann,Chillingsworth,jchillingsworthqk@addtoany.com,Pontiac
956,958,Tessy,Sewall,tsewallql@google.com,Pontiac
957,959,Ernst,Keningley,ekeningleyqm@jiathis.com,Land Rover
958,960,Niels,Mephan,nmephanqn@answers.com,Suzuki
959,961,Phillip,Learmount,plearmountqo@wikimedia.org,Jeep
960,962,Greg,Hammerich,ghammerichqp@ted.com,Dodge
961,963,John,Schechter,jschechterqq@ow.ly,Cadillac
962,964,Ettore,Maestro,emaestroqr@yandex.ru,Oldsmobile
963,965,Gerhardt,Purviss,gpurvissqs@acquirethisname.com,Chevrolet
964,966,Ketti,Rickword,krickwordqt@yolasite.com,Chevrolet
965,967,Binny,Brettelle,bbrettellequ@delicious.com,Kia
966,968,Wallie,Yonge,wyongeqv@unesco.org,Porsche
967,969,Dayle,Klesel,dkleselqw@shop-pro.jp,Pontiac
968,970,Tiffani,Knoble,tknobleqx@ehow.com,Aston Martin
969,971,Packston,Darcy,pdarcyqy@cnet.com,Mercedes-Benz
970,972,Andee,Lemme,alemmeqz@bloomberg.com,Lexus
971,973,Kali,Scandwright,kscandwrightr0@cisco.com,Dodge
972,974,Aindrea,Bumphries,abumphriesr1@vistaprint.com,Volvo
973,975,Benoite,Gibling,bgiblingr2@parallels.com,Dodge
974,976,Rooney,MacCracken,rmaccrackenr3@upenn.edu,Chrysler
975,977,Laurel,Feaster,lfeasterr4@slashdot.org,Chevrolet
976,978,Brok,Flay,bflayr5@webmd.com,GMC
977,979,Inez,Ceyssen,iceyssenr6@disqus.com,Volvo
978,980,Laryssa,Witherden,lwitherdenr7@cpanel.net,Buick
979,981,Lavinia,Garken,lgarkenr8@cyberchimps.com,Eagle
980,982,Jourdan,Skillings,jskillingsr9@msn.com,Saturn
981,983,Maurine,Brane,mbranera@lycos.com,Jeep
982,984,Sibylle,Ryson,srysonrb@godaddy.com,BMW
983,985,Josee,Case,jcaserc@feedburner.com,Pontiac
984,986,Vale,Petters,vpettersrd@omniture.com,Audi
985,987,Maribel,Wolstencroft,mwolstencroftre@i2i.jp,Chrysler
986,988,Rivkah,Dell 'Orto,rdellortorf@bing.com,GMC
987,989,Chanda,Sackes,csackesrg@tamu.edu,Buick
988,990,Diarmid,Hug,dhugrh@apache.org,Audi
989,991,Roseline,Mish,rmishri@wordpress.org,Saab
990,992,Judy,Eastman,jeastmanrj@ox.ac.uk,Mazda
991,993,Wang,Sewards,wsewardsrk@amazon.de,Honda
992,994,Tedda,Hofer,thoferrl@archive.org,Mazda
993,995,Carole,Treves,ctrevesrm@list-manage.com,Dodge
994,996,Patin,Sear,psearrn@umn.edu,Mitsubishi
995,997,Jae,Matzen,jmatzenro@chron.com,Chrysler
996,998,Hayward,Benedick,hbenedickrp@auda.org.au,BMW
997,999,Penrod,Huske,phuskerq@csmonitor.com,Nissan
998,1000,Steffie,Pentecost,spentecostrr@google.com,Dodge
